photo_id,image_path
bygTaBey1Xk,/home/jovyan/tutorial_2_search/unsplash_data/bygTaBey1Xk.jpg
gXSFnk2a9V4,/home/jovyan/tutorial_2_search/unsplash_data/gXSFnk2a9V4.jpg
grg6-DNJuaU,/home/jovyan/tutorial_2_search/unsplash_data/grg6-DNJuaU.jpg
sO42hhChB1c,/home/jovyan/tutorial_2_search/unsplash_data/sO42hhChB1c.jpg
tkk8_HakQ98,/home/jovyan/tutorial_2_search/unsplash_data/tkk8_HakQ98.jpg
aDUZbFgW3u4,/home/jovyan/tutorial_2_search/unsplash_data/aDUZbFgW3u4.jpg
whOkVvf0_hU,/home/jovyan/tutorial_2_search/unsplash_data/whOkVvf0_hU.jpg
fUbtdL_adv0,/home/jovyan/tutorial_2_search/unsplash_data/fUbtdL_adv0.jpg
Sf8g7a3duRY,/home/jovyan/tutorial_2_search/unsplash_data/Sf8g7a3duRY.jpg
Nw8j0pBvRWg,/home/jovyan/tutorial_2_search/unsplash_data/Nw8j0pBvRWg.jpg
