photo_id,photo_url,photo_image_url,photo_submitted_at,photo_featured,photo_width,photo_height,photo_aspect_ratio,photo_description,photographer_username,photographer_first_name,photographer_last_name,exif_camera_make,exif_camera_model,exif_iso,exif_aperture_value,exif_focal_length,exif_exposure_time,photo_location_name,photo_location_latitude,photo_location_longitude,photo_location_country,photo_location_city,stats_views,stats_downloads,ai_description,ai_primary_landmark_name,ai_primary_landmark_latitude,ai_primary_landmark_longitude,ai_primary_landmark_confidence,blur_hash,image_path
bygTaBey1Xk,https://unsplash.com/photos/bygTaBey1Xk,https://images.unsplash.com/uploads/1413387620228d142bee4/23eceb86,2014-10-15 15:40:40.111061,t,4635,3070,1.51,,jaspervandermeij,Jasper,van der Meij,PENTAX RICOH IMAGING,GR,100.0,14.0,18.3,8,,,,,,1708356,19085,sea and rock cliff with grasses under cloudy sky,Neist Point,57.42838692743791,-6.783028,30.348906,LcE{wnIVRixt~WR+NGjbxukCWBWB,/home/jovyan/tutorial_2_search/unsplash_data/bygTaBey1Xk.jpg
gXSFnk2a9V4,https://unsplash.com/photos/gXSFnk2a9V4,https://images.unsplash.com/reserve/jEs6K0y1SbK3DAvgrBe5_IMG_3410.jpg,2014-07-10 18:36:06,t,2448,3264,0.75,Coastline view,kimberlyrichards,Kimberly,Richards,Apple,iPhone 5,50.0,2.4,4.1,1/2358,"3020 Maxwell Mountain Rd, Tillamook, OR 97141, USA, United States",-123.97116667,45.4655,United States,Tillamook,9895033,74702,aerial photography of seashore,,,,,LXE4G#IARjj]GdWFxaWBDOxaofj[,/home/jovyan/tutorial_2_search/unsplash_data/gXSFnk2a9V4.jpg
grg6-DNJuaU,https://unsplash.com/photos/grg6-DNJuaU,https://images.unsplash.com/uploads/141219200475673afcb68/f5bd8360,2014-10-01 19:33:56.393181,t,5184,3456,1.5,,marcusdallcol,Marcus,Dall Col,Canon,Canon EOS REBEL T4i,100.0,7.1,400.0,1/640,,,,,,8967968,38338,man surfboarding on ocean wave during daytime,,,,,LcHx?5R%Rjof01bHWBof4ooMoeax,/home/jovyan/tutorial_2_search/unsplash_data/grg6-DNJuaU.jpg
sO42hhChB1c,https://unsplash.com/photos/sO42hhChB1c,https://images.unsplash.com/reserve/ijl3tATFRpCjKWXwUoBz_DSCF7168.jpg,2014-08-19 21:15:40,t,4896,3264,1.5,Hazy Ocean Waters,arturpokusin,Artur,Pokusin,FUJIFILM,X100S,1600.0,5.6,23.0,1/170,,,,,,2071752,10860,body of water,,,,,LyOzVsj[aefQ_4j[ayj[IUayj[ay,/home/jovyan/tutorial_2_search/unsplash_data/sO42hhChB1c.jpg
tkk8_HakQ98,https://unsplash.com/photos/tkk8_HakQ98,https://images.unsplash.com/reserve/6vaWXsQuSWSgm5NEF2p9_WC4A4194.jpg,2014-05-05 18:31:06,t,2000,1333,1.5,Silhouettes In Desert,carlov,Carlo,V.,Canon,Canon EOS 5D Mark III,400.0,16.0,35.0,1/400,,,,,,2720281,9081,car on desert during sunset,,,,,"LYEV]I%19ZR+-=s,RkWW00WB%2j[",/home/jovyan/tutorial_2_search/unsplash_data/tkk8_HakQ98.jpg
aDUZbFgW3u4,https://unsplash.com/photos/aDUZbFgW3u4,https://images.unsplash.com/photo-1415340839394-8e0c3c29672c,2014-11-07 06:14:04.953829,t,6016,4016,1.5,Smooth rocks under a bridge,timmossholder,Tim,Mossholder,NIKON CORPORATION,NIKON D600,200.0,1.4,50.0,1/80,"Bend, OR, UAA",,,UAA,"Bend, OR",1396901,8001,body of water near bridge during daytime,,,,,LZG[ylIU9Foy~pE0aft7_3RPRjR*,/home/jovyan/tutorial_2_search/unsplash_data/aDUZbFgW3u4.jpg
whOkVvf0_hU,https://unsplash.com/photos/whOkVvf0_hU,https://images.unsplash.com/photo-1431263154979-0982327fccbb,2015-05-10 13:06:05.543568,t,4272,2848,1.5,White lilac,veri_ivanova,Veri,Ivanova,Canon,Canon EOS 1100D,3200.0,4.5,33.0,1/800,,,,,,36535677,243745,white flowers,,,,,LHJkv7_49GR%?cD%axt79ZxuWBWB,/home/jovyan/tutorial_2_search/unsplash_data/whOkVvf0_hU.jpg
fUbtdL_adv0,https://unsplash.com/photos/fUbtdL_adv0,https://images.unsplash.com/photo-1431162020154-5eb22b2456d6,2015-05-09 09:00:29.822743,t,3264,2448,1.33,Sea of dunes,chiara,Chiara,Ferroni,,,,,,,,,,,,3359379,15447,desert during daytime,,,,,"LuHL9$Ips,oL?ww^WCWW?cIqs.WW",/home/jovyan/tutorial_2_search/unsplash_data/fUbtdL_adv0.jpg
Sf8g7a3duRY,https://unsplash.com/photos/Sf8g7a3duRY,https://images.unsplash.com/photo-1439923274069-a6f070db0c99,2015-08-18 18:43:10.368901,t,6016,3399,1.77,,anfalshams,Anfal,Shamsudeen,NIKON CORPORATION,NIKON D3200,3200.0,3.5,18.0,10,"Anchal, Kerala, India",76.906474,8.930019,India,Anchal,10891770,105745,blue and black starry skies,,,,,L51gcgpyZ}aKpJo#adazi^jEaya|,/home/jovyan/tutorial_2_search/unsplash_data/Sf8g7a3duRY.jpg
Nw8j0pBvRWg,https://unsplash.com/photos/Nw8j0pBvRWg,https://images.unsplash.com/photo-1438797508991-dafc81f49fc3,2015-08-05 17:59:43.271938,t,3500,2336,1.5,,tashography,Natasha,Miller,NIKON CORPORATION,NIKON D800E,160.0,5.0,24.0,1/1250,Denver Mountain Parks,-105.201048,39.652584,,,729601,3582,brown mountain near trees low angle photograph,,,,,LpDTn~j]XTfkpfayRjay9ZayaJkC,/home/jovyan/tutorial_2_search/unsplash_data/Nw8j0pBvRWg.jpg
